1001;true;Rui Manuel Almeida;Travessa da Rua Antiga, no2;Alvor;8500-345;Portimao;Faro;910000091;email1@email.pt;100200300;210211212;5000.00
1002;false;Manuel Santos;Travessa da Rua Nova, no3;Portimao;8500-123;Portimao;Faro;910000092;email2@email.pt;100200301;210211213;1000.00
1003;false;Manuel Santos;Travessa da Rua Nova, no4;Portimao;8500-123;Portimao;Faro;910000092;email2@email.pt;100200301;210211213;1000.00
1004;false;Manuel Santos;Travessa da Rua Nova, no5;Portimao;8500-123;Portimao;Faro;910000092;email2@email.pt;100200301;210211213;1000.00
1005;false;Manuel Santos;Travessa da Rua Nova, no6;Portimao;8500-123;Portimao;Faro;910000092;email2@email.pt;100200301;210211213;1000.00
1006;false;Manuel Santos;Travessa da Rua Nova, no7;Portimao;8500-123;Portimao;Faro;910000092;email2@email.pt;100200301;210211213;1000.00
1007;false;Manuel Santos;Travessa da Rua Nova, no8;Portimao;8500-123;Portimao;Faro;910000092;email2@email.pt;100200301;210211213;1000.00
1008;false;Manuel Santos;Travessa da Rua Nova, no9;Portimao;8500-123;Portimao;Faro;910000092;email2@email.pt;100200301;210211213;1000.00
1009;false;Manuel Santos;Travessa da Rua Nova, no10;Portimao;8500-123;Portimao;Faro;910000092;email2@email.pt;100200301;210211213;1000.00
1010;false;Manuel Santos;Travessa da Rua Nova, no11;Portimao;8500-123;Portimao;Faro;910000092;email2@email.pt;100200301;210211213;1000.00
1011;false;Manuel Santos;Travessa da Rua Nova, no12;Portimao;8500-123;Portimao;Faro;910000092;email2@email.pt;100200301;210211213;1000.00
1012;false;Manuel Santos;Travessa da Rua Nova, no13;Portimao;8500-123;Portimao;Faro;910000092;email2@email.pt;100200301;210211213;1000.00
1013;false;Manuel Santos;Travessa da Rua Nova, no14;Portimao;8500-123;Portimao;Faro;910000092;email2@email.pt;100200301;210211213;1000.00
1014;false;Manuel Santos;Travessa da Rua Nova, no15;Portimao;8500-123;Portimao;Faro;910000092;email2@email.pt;100200301;210211213;1000.00
1015;false;Manuel Santos;Travessa da Rua Nova, no16;Portimao;8500-123;Portimao;Faro;910000092;email2@email.pt;100200301;210211213;1000.00
1016;false;Manuel Santos;Travessa da Rua Nova, no17;Portimao;8500-123;Portimao;Faro;910000092;email2@email.pt;100200301;210211213;1000.00
1017;false;Manuel Santos;Travessa da Rua Nova, no18;Portimao;8500-123;Portimao;Faro;910000092;email2@email.pt;100200301;210211213;1000.00
1018;false;Manuel Santos;Travessa da Rua Nova, no19;Portimao;8500-123;Portimao;Faro;910000092;email2@email.pt;100200301;210211213;1000.00
1019;false;Manuel Santos;Travessa da Rua Nova, no20;Portimao;8500-123;Portimao;Faro;910000092;email2@email.pt;100200301;210211213;1000.00
1020;false;Manuel Santos;Travessa da Rua Nova, no21;Portimao;8500-123;Portimao;Faro;910000092;email2@email.pt;100200301;210211213;1000.00
1021;false;Manuel Santos;Travessa da Rua Nova, no22;Portimao;8500-123;Portimao;Faro;910000092;email2@email.pt;100200301;210211213;1000.00
1022;false;Manuel Santos;Travessa da Rua Nova, no23;Portimao;8500-123;Portimao;Faro;910000092;email2@email.pt;100200301;210211213;1000.00
1023;false;Manuel Santos;Travessa da Rua Nova, no24;Portimao;8500-123;Portimao;Faro;910000092;email2@email.pt;100200301;210211213;1000.00
1024;false;Manuel Santos;Travessa da Rua Nova, no25;Portimao;8500-123;Portimao;Faro;910000092;email2@email.pt;100200301;210211213;1000.00
1025;false;Manuel Santos;Travessa da Rua Nova, no26;Portimao;8500-123;Portimao;Faro;910000092;email2@email.pt;100200301;210211213;1000.00
1026;false;Manuel Santos;Travessa da Rua Nova, no27;Portimao;8500-123;Portimao;Faro;910000092;email2@email.pt;100200301;210211213;1000.00
1027;false;Manuel Santos;Travessa da Rua Nova, no28;Portimao;8500-123;Portimao;Faro;910000092;email2@email.pt;100200301;210211213;1000.00
1028;false;Manuel Santos;Travessa da Rua Nova, no29;Portimao;8500-123;Portimao;Faro;910000092;email2@email.pt;100200301;210211213;1000.00
1029;false;Manuel Santos;Travessa da Rua Nova, no30;Portimao;8500-123;Portimao;Faro;910000092;email2@email.pt;100200301;210211213;1000.00
1030;false;Manuel Santos;Travessa da Rua Nova, no31;Portimao;8500-123;Portimao;Faro;910000092;email2@email.pt;100200301;210211213;1000.00
1031;false;Manuel Santos;Travessa da Rua Nova, no32;Portimao;8500-123;Portimao;Faro;910000092;email2@email.pt;100200301;210211213;1000.00
1032;false;Manuel Santos;Travessa da Rua Nova, no33;Portimao;8500-123;Portimao;Faro;910000092;email2@email.pt;100200301;210211213;1000.00
1033;false;Manuel Santos;Travessa da Rua Nova, no34;Portimao;8500-123;Portimao;Faro;910000092;email2@email.pt;100200301;210211213;1000.00
1034;false;Manuel Santos;Travessa da Rua Nova, no35;Portimao;8500-123;Portimao;Faro;910000092;email2@email.pt;100200301;210211213;1000.00
1035;false;Manuel Santos;Travessa da Rua Nova, no36;Portimao;8500-123;Portimao;Faro;910000092;email2@email.pt;100200301;210211213;1000.00
1036;false;Manuel Santos;Travessa da Rua Nova, no37;Portimao;8500-123;Portimao;Faro;910000092;email2@email.pt;100200301;210211213;1000.00
1037;false;Manuel Santos;Travessa da Rua Nova, no38;Portimao;8500-123;Portimao;Faro;910000092;email2@email.pt;100200301;210211213;1000.00
1038;false;Manuel Santos;Travessa da Rua Nova, no39;Portimao;8500-123;Portimao;Faro;910000092;email2@email.pt;100200301;210211213;1000.00
1039;false;Manuel Santos;Travessa da Rua Nova, no40;Portimao;8500-123;Portimao;Faro;910000092;email2@email.pt;100200301;210211213;1000.00
1040;false;Manuel Santos;Travessa da Rua Nova, no41;Portimao;8500-123;Portimao;Faro;910000092;email2@email.pt;100200301;210211213;1000.00
1041;false;Manuel Santos;Travessa da Rua Nova, no42;Portimao;8500-123;Portimao;Faro;910000092;email2@email.pt;100200301;210211213;1000.00
1042;false;Manuel Santos;Travessa da Rua Nova, no43;Portimao;8500-123;Portimao;Faro;910000092;email2@email.pt;100200301;210211213;1000.00
1043;false;Manuel Santos;Travessa da Rua Nova, no44;Portimao;8500-123;Portimao;Faro;910000092;email2@email.pt;100200301;210211213;1000.00
1044;false;Manuel Santos;Travessa da Rua Nova, no45;Portimao;8500-123;Portimao;Faro;910000092;email2@email.pt;100200301;210211213;1000.00
1045;false;Manuel Santos;Travessa da Rua Nova, no46;Portimao;8500-123;Portimao;Faro;910000092;email2@email.pt;100200301;210211213;1000.00
1046;false;Manuel Santos;Travessa da Rua Nova, no47;Portimao;8500-123;Portimao;Faro;910000092;email2@email.pt;100200301;210211213;1000.00
1047;false;Manuel Santos;Travessa da Rua Nova, no48;Portimao;8500-123;Portimao;Faro;910000092;email2@email.pt;100200301;210211213;1000.00
1048;false;Manuel Santos;Travessa da Rua Nova, no49;Portimao;8500-123;Portimao;Faro;910000092;email2@email.pt;100200301;210211213;1000.00
1049;false;Manuel Santos;Travessa da Rua Nova, no50;Portimao;8500-123;Portimao;Faro;910000092;email2@email.pt;100200301;210211213;1000.00
1050;false;Manuel Santos;Travessa da Rua Nova, no51;Portimao;8500-123;Portimao;Faro;910000092;email2@email.pt;100200301;210211213;1000.00
1051;false;Manuel Santos;Travessa da Rua Nova, no52;Portimao;8500-123;Portimao;Faro;910000092;email2@email.pt;100200301;210211213;1000.00
1052;false;Manuel Santos;Travessa da Rua Nova, no53;Portimao;8500-123;Portimao;Faro;910000092;email2@email.pt;100200301;210211213;1000.00
1053;false;Manuel Santos;Travessa da Rua Nova, no54;Portimao;8500-123;Portimao;Faro;910000092;email2@email.pt;100200301;210211213;1000.00
1054;false;Manuel Santos;Travessa da Rua Nova, no55;Portimao;8500-123;Portimao;Faro;910000092;email2@email.pt;100200301;210211213;1000.00
1055;false;Manuel Santos;Travessa da Rua Nova, no56;Portimao;8500-123;Portimao;Faro;910000092;email2@email.pt;100200301;210211213;1000.00
1056;false;Manuel Santos;Travessa da Rua Nova, no57;Portimao;8500-123;Portimao;Faro;910000092;email2@email.pt;100200301;210211213;1000.00
1057;false;Manuel Santos;Travessa da Rua Nova, no58;Portimao;8500-123;Portimao;Faro;910000092;email2@email.pt;100200301;210211213;1000.00
1058;false;Manuel Santos;Travessa da Rua Nova, no59;Portimao;8500-123;Portimao;Faro;910000092;email2@email.pt;100200301;210211213;1000.00
1059;false;Manuel Santos;Travessa da Rua Nova, no60;Portimao;8500-123;Portimao;Faro;910000092;email2@email.pt;100200301;210211213;1000.00
1060;false;Manuel Santos;Travessa da Rua Nova, no61;Portimao;8500-123;Portimao;Faro;910000092;email2@email.pt;100200301;210211213;1000.00
1061;false;Manuel Santos;Travessa da Rua Nova, no62;Portimao;8500-123;Portimao;Faro;910000092;email2@email.pt;100200301;210211213;1000.00
1062;false;Manuel Santos;Travessa da Rua Nova, no63;Portimao;8500-123;Portimao;Faro;910000092;email2@email.pt;100200301;210211213;1000.00
1063;false;Manuel Santos;Travessa da Rua Nova, no64;Portimao;8500-123;Portimao;Faro;910000092;email2@email.pt;100200301;210211213;1000.00
1064;false;Manuel Santos;Travessa da Rua Nova, no65;Portimao;8500-123;Portimao;Faro;910000092;email2@email.pt;100200301;210211213;1000.00
1065;false;Manuel Santos;Travessa da Rua Nova, no66;Portimao;8500-123;Portimao;Faro;910000092;email2@email.pt;100200301;210211213;1000.00
1066;false;Manuel Santos;Travessa da Rua Nova, no67;Portimao;8500-123;Portimao;Faro;910000092;email2@email.pt;100200301;210211213;1000.00
1067;false;Manuel Santos;Travessa da Rua Nova, no68;Portimao;8500-123;Portimao;Faro;910000092;email2@email.pt;100200301;210211213;1000.00
1068;false;Manuel Santos;Travessa da Rua Nova, no69;Portimao;8500-123;Portimao;Faro;910000092;email2@email.pt;100200301;210211213;1000.00
1069;false;Manuel Santos;Travessa da Rua Nova, no70;Portimao;8500-123;Portimao;Faro;910000092;email2@email.pt;100200301;210211213;1000.00
1070;false;Manuel Santos;Travessa da Rua Nova, no71;Portimao;8500-123;Portimao;Faro;910000092;email2@email.pt;100200301;210211213;1000.00
1071;false;Manuel Santos;Travessa da Rua Nova, no72;Portimao;8500-123;Portimao;Faro;910000092;email2@email.pt;100200301;210211213;1000.00
1072;false;Manuel Santos;Travessa da Rua Nova, no73;Portimao;8500-123;Portimao;Faro;910000092;email2@email.pt;100200301;210211213;1000.00
1073;false;Manuel Santos;Travessa da Rua Nova, no74;Portimao;8500-123;Portimao;Faro;910000092;email2@email.pt;100200301;210211213;1000.00
1074;false;Manuel Santos;Travessa da Rua Nova, no75;Portimao;8500-123;Portimao;Faro;910000092;email2@email.pt;100200301;210211213;1000.00
1075;false;Manuel Santos;Travessa da Rua Nova, no76;Portimao;8500-123;Portimao;Faro;910000092;email2@email.pt;100200301;210211213;1000.00
1076;false;Manuel Santos;Travessa da Rua Nova, no77;Portimao;8500-123;Portimao;Faro;910000092;email2@email.pt;100200301;210211213;1000.00
1077;false;Manuel Santos;Travessa da Rua Nova, no78;Portimao;8500-123;Portimao;Faro;910000092;email2@email.pt;100200301;210211213;1000.00
1078;false;Manuel Santos;Travessa da Rua Nova, no79;Portimao;8500-123;Portimao;Faro;910000092;email2@email.pt;100200301;210211213;1000.00
1079;false;Manuel Santos;Travessa da Rua Nova, no80;Portimao;8500-123;Portimao;Faro;910000092;email2@email.pt;100200301;210211213;1000.00
1080;false;Manuel Santos;Travessa da Rua Nova, no81;Portimao;8500-123;Portimao;Faro;910000092;email2@email.pt;100200301;210211213;1000.00
1081;false;Manuel Santos;Travessa da Rua Nova, no82;Portimao;8500-123;Portimao;Faro;910000092;email2@email.pt;100200301;210211213;1000.00
1082;false;Manuel Santos;Travessa da Rua Nova, no83;Portimao;8500-123;Portimao;Faro;910000092;email2@email.pt;100200301;210211213;1000.00
1083;false;Manuel Santos;Travessa da Rua Nova, no84;Portimao;8500-123;Portimao;Faro;910000092;email2@email.pt;100200301;210211213;1000.00
1084;false;Manuel Santos;Travessa da Rua Nova, no85;Portimao;8500-123;Portimao;Faro;910000092;email2@email.pt;100200301;210211213;1000.00
1085;false;Manuel Santos;Travessa da Rua Nova, no86;Portimao;8500-123;Portimao;Faro;910000092;email2@email.pt;100200301;210211213;1000.00
1086;false;Manuel Santos;Travessa da Rua Nova, no87;Portimao;8500-123;Portimao;Faro;910000092;email2@email.pt;100200301;210211213;1000.00
1087;false;Manuel Santos;Travessa da Rua Nova, no88;Portimao;8500-123;Portimao;Faro;910000092;email2@email.pt;100200301;210211213;1000.00
1088;false;Manuel Santos;Travessa da Rua Nova, no89;Portimao;8500-123;Portimao;Faro;910000092;email2@email.pt;100200301;210211213;1000.00
1089;false;Manuel Santos;Travessa da Rua Nova, no90;Portimao;8500-123;Portimao;Faro;910000092;email2@email.pt;100200301;210211213;1000.00
1090;false;Manuel Santos;Travessa da Rua Nova, no91;Portimao;8500-123;Portimao;Faro;910000092;email2@email.pt;100200301;210211213;1000.00
1091;false;Manuel Santos;Travessa da Rua Nova, no92;Portimao;8500-123;Portimao;Faro;910000092;email2@email.pt;100200301;210211213;1000.00
1092;false;Manuel Santos;Travessa da Rua Nova, no93;Portimao;8500-123;Portimao;Faro;910000092;email2@email.pt;100200301;210211213;1000.00
1093;false;Manuel Santos;Travessa da Rua Nova, no94;Portimao;8500-123;Portimao;Faro;910000092;email2@email.pt;100200301;210211213;1000.00
1094;false;Manuel Santos;Travessa da Rua Nova, no95;Portimao;8500-123;Portimao;Faro;910000092;email2@email.pt;100200301;210211213;1000.00
1095;false;Manuel Santos;Travessa da Rua Nova, no96;Portimao;8500-123;Portimao;Faro;910000092;email2@email.pt;100200301;210211213;1000.00
1096;false;Manuel Santos;Travessa da Rua Nova, no97;Portimao;8500-123;Portimao;Faro;910000092;email2@email.pt;100200301;210211213;1000.00
1097;false;Manuel Santos;Travessa da Rua Nova, no98;Portimao;8500-123;Portimao;Faro;910000092;email2@email.pt;100200301;210211213;1000.00
1098;false;Manuel Santos;Travessa da Rua Nova, no99;Portimao;8500-123;Portimao;Faro;910000092;email2@email.pt;100200301;210211213;1000.00
1099;false;Manuel Santos;Travessa da Rua Nova, no100;Portimao;8500-123;Portimao;Faro;910000092;email2@email.pt;100200301;210211213;1000.00
1100;false;Manuel Santos;Travessa da Rua Nova, no101;Portimao;8500-123;Portimao;Faro;910000092;email2@email.pt;100200301;210211213;1000.00
1101;false;Manuel Santos;Travessa da Rua Nova, no102;Portimao;8500-123;Portimao;Faro;910000092;email2@email.pt;100200301;210211213;1000.00
1102;false;Manuel Santos;Travessa da Rua Nova, no103;Portimao;8500-123;Portimao;Faro;910000092;email2@email.pt;100200301;210211213;1000.00
1103;false;Manuel Santos;Travessa da Rua Nova, no104;Portimao;8500-123;Portimao;Faro;910000092;email2@email.pt;100200301;210211213;1000.00
1104;false;Manuel Santos;Travessa da Rua Nova, no105;Portimao;8500-123;Portimao;Faro;910000092;email2@email.pt;100200301;210211213;1000.00
1105;false;Manuel Santos;Travessa da Rua Nova, no106;Portimao;8500-123;Portimao;Faro;910000092;email2@email.pt;100200301;210211213;1000.00
1106;false;Manuel Santos;Travessa da Rua Nova, no107;Portimao;8500-123;Portimao;Faro;910000092;email2@email.pt;100200301;210211213;1000.00
1107;false;Manuel Santos;Travessa da Rua Nova, no108;Portimao;8500-123;Portimao;Faro;910000092;email2@email.pt;100200301;210211213;1000.00
1108;false;Manuel Santos;Travessa da Rua Nova, no109;Portimao;8500-123;Portimao;Faro;910000092;email2@email.pt;100200301;210211213;1000.00
1109;false;Manuel Santos;Travessa da Rua Nova, no110;Portimao;8500-123;Portimao;Faro;910000092;email2@email.pt;100200301;210211213;1000.00
1110;false;Manuel Santos;Travessa da Rua Nova, no111;Portimao;8500-123;Portimao;Faro;910000092;email2@email.pt;100200301;210211213;1000.00
1111;false;Manuel Santos;Travessa da Rua Nova, no112;Portimao;8500-123;Portimao;Faro;910000092;email2@email.pt;100200301;210211213;1000.00
1112;false;Manuel Santos;Travessa da Rua Nova, no113;Portimao;8500-123;Portimao;Faro;910000092;email2@email.pt;100200301;210211213;1000.00
1113;false;Manuel Santos;Travessa da Rua Nova, no114;Portimao;8500-123;Portimao;Faro;910000092;email2@email.pt;100200301;210211213;1000.00
1114;false;Manuel Santos;Travessa da Rua Nova, no115;Portimao;8500-123;Portimao;Faro;910000092;email2@email.pt;100200301;210211213;1000.00
1115;false;Manuel Santos;Travessa da Rua Nova, no116;Portimao;8500-123;Portimao;Faro;910000092;email2@email.pt;100200301;210211213;1000.00
1116;false;Manuel Santos;Travessa da Rua Nova, no117;Portimao;8500-123;Portimao;Faro;910000092;email2@email.pt;100200301;210211213;1000.00
1117;false;Manuel Santos;Travessa da Rua Nova, no118;Portimao;8500-123;Portimao;Faro;910000092;email2@email.pt;100200301;210211213;1000.00
1118;false;Manuel Santos;Travessa da Rua Nova, no119;Portimao;8500-123;Portimao;Faro;910000092;email2@email.pt;100200301;210211213;1000.00
1119;false;Manuel Santos;Travessa da Rua Nova, no120;Portimao;8500-123;Portimao;Faro;910000092;email2@email.pt;100200301;210211213;1000.00
1120;false;Manuel Santos;Travessa da Rua Nova, no121;Portimao;8500-123;Portimao;Faro;910000092;email2@email.pt;100200301;210211213;1000.00
1121;false;Manuel Santos;Travessa da Rua Nova, no122;Portimao;8500-123;Portimao;Faro;910000092;email2@email.pt;100200301;210211213;1000.00
1122;false;Manuel Santos;Travessa da Rua Nova, no123;Portimao;8500-123;Portimao;Faro;910000092;email2@email.pt;100200301;210211213;1000.00
1123;false;Manuel Santos;Travessa da Rua Nova, no124;Portimao;8500-123;Portimao;Faro;910000092;email2@email.pt;100200301;210211213;1000.00
1124;false;Manuel Santos;Travessa da Rua Nova, no125;Portimao;8500-123;Portimao;Faro;910000092;email2@email.pt;100200301;210211213;1000.00
1125;false;Manuel Santos;Travessa da Rua Nova, no126;Portimao;8500-123;Portimao;Faro;910000092;email2@email.pt;100200301;210211213;1000.00
1126;false;Manuel Santos;Travessa da Rua Nova, no127;Portimao;8500-123;Portimao;Faro;910000092;email2@email.pt;100200301;210211213;1000.00
1127;false;Manuel Santos;Travessa da Rua Nova, no128;Portimao;8500-123;Portimao;Faro;910000092;email2@email.pt;100200301;210211213;1000.00
1128;false;Manuel Santos;Travessa da Rua Nova, no129;Portimao;8500-123;Portimao;Faro;910000092;email2@email.pt;100200301;210211213;1000.00
1129;false;Manuel Santos;Travessa da Rua Nova, no130;Portimao;8500-123;Portimao;Faro;910000092;email2@email.pt;100200301;210211213;1000.00
1130;false;Manuel Santos;Travessa da Rua Nova, no131;Portimao;8500-123;Portimao;Faro;910000092;email2@email.pt;100200301;210211213;1000.00
1131;false;Manuel Santos;Travessa da Rua Nova, no132;Portimao;8500-123;Portimao;Faro;910000092;email2@email.pt;100200301;210211213;1000.00
1132;false;Manuel Santos;Travessa da Rua Nova, no133;Portimao;8500-123;Portimao;Faro;910000092;email2@email.pt;100200301;210211213;1000.00
1133;false;Manuel Santos;Travessa da Rua Nova, no134;Portimao;8500-123;Portimao;Faro;910000092;email2@email.pt;100200301;210211213;1000.00
1134;false;Manuel Santos;Travessa da Rua Nova, no135;Portimao;8500-123;Portimao;Faro;910000092;email2@email.pt;100200301;210211213;1000.00